{"cameraMode":{"drawMode":0,"name":"Shaded","section":"Shading Mode"},"sceneLighting":false,"audioPlay":false,"sceneViewState":{"m_AlwaysRefresh":false,"showFog":true,"showSkybox":false,"showFlares":true,"showImageEffects":true,"showParticleSystems":true,"showVisualEffectGraphs":true,"m_FxEnabled":true},"in2DMode":false,"pivot":{"x":-0.26945725083351138,"y":1.8809621334075928,"z":-0.1457669734954834},"rotation":{"x":-0.021291395649313928,"y":0.03957850858569145,"z":-0.0008417145581915975,"w":-0.9989989399909973},"size":1.0492923259735108,"orthographic":false}