{"cameraMode":{"drawMode":0,"name":"Shaded","section":"Shading Mode"},"sceneLighting":false,"audioPlay":false,"sceneViewState":{"m_AlwaysRefresh":false,"showFog":true,"showSkybox":false,"showFlares":true,"showImageEffects":true,"showParticleSystems":true,"showVisualEffectGraphs":true,"m_FxEnabled":true},"in2DMode":false,"pivot":{"x":0.8506245613098145,"y":-2.0458528995513918,"z":-0.13155069947242738},"rotation":{"x":0.03813091665506363,"y":0.5205495953559876,"z":0.023280659690499307,"w":-0.8526736497879028},"size":1.441246747970581,"orthographic":false}